{"is_source_file": true, "format": "JavaScript (React JSX)", "description": "This file defines a React functional component 'App' that manages and toggles a theme state (light/dark), applies the theme to the document, and renders a UI with a theme toggle button, logo, and links.", "external_files": ["./logo.svg", "./App.css"], "external_methods": ["document.documentElement.setAttribute"], "published": ["App"], "classes": [], "methods": [{"name": "App()", "description": "React functional component that maintains theme state and renders UI with a theme toggle button.", "scope": "", "scopeKind": ""}, {"name": "toggleTheme", "description": "Function to toggle between 'light' and 'dark' themes."}], "calls": ["React.useState", "React.useEffect", "document.documentElement.setAttribute"], "search-terms": ["React", "useState", "useEffect", "theme toggle", "App component"], "state": 2, "file_id": 10, "knowledge_revision": 25, "git_revision": "de7671204d2e2f16099f83aa414a8cb99b9fa55f", "ctags": [{"_type": "tag", "name": "App", "path": "/home/kavia/workspace/code-generation/simple-notes-manager-200812-200838/notes_frontend/src/App.js", "pattern": "/^function App() {$/", "language": "JavaScript", "kind": "function", "signature": "()"}, {"_type": "tag", "name": "Switch to ${theme === 'light' ? 'dark' : 'light'} mode", "path": "/home/kavia/workspace/code-generation/simple-notes-manager-200812-200838/notes_frontend/src/App.js", "pattern": "/^          aria-label={`Switch to ${theme === 'light' ? 'dark' : 'light'} mode`}$/", "language": "JavaScript", "kind": "field", "scope": "App.aria", "scopeKind": "class"}, {"_type": "tag", "name": "toggleTheme", "path": "/home/kavia/workspace/code-generation/simple-notes-manager-200812-200838/notes_frontend/src/App.js", "pattern": "/^          onClick={toggleTheme}$/", "language": "JavaScript", "kind": "field", "scope": "App.onClick", "scopeKind": "class"}], "hash": "b55dd9e6a018e59207d8e277dffd9e11", "format-version": 4, "code-base-name": "notes_frontend", "filename": "notes_frontend/src/App.js", "fields": [{"name": "aria-label={`Switch to ${theme === 'light' ? 'dark' : 'light'} mode`}", "scope": "App.aria", "scopeKind": "class", "description": "unavailable"}, {"name": "onClick={toggleTheme}", "scope": "App.onClick", "scopeKind": "class", "description": "unavailable"}], "revision_history": [{"25": "de7671204d2e2f16099f83aa414a8cb99b9fa55f"}]}