{"is_source_file": true, "format": "JavaScript", "description": "This file sets up testing configurations for the frontend project using Jest and the jest-dom matcher library.", "external_files": ["@testing-library/jest-dom"], "external_methods": [], "published": [], "classes": [], "methods": [], "calls": [], "search-terms": ["setupTests", "jest-dom", "testing-library", "jest"], "state": 2, "file_id": 7, "knowledge_revision": 23, "git_revision": "de7671204d2e2f16099f83aa414a8cb99b9fa55f", "ctags": [], "hash": "1a77571e1a8cf36018a41bcedf60db75", "format-version": 4, "code-base-name": "notes_frontend", "filename": "notes_frontend/src/setupTests.js", "revision_history": [{"23": "de7671204d2e2f16099f83aa414a8cb99b9fa55f"}]}