{"is_source_file": true, "format": "JavaScript", "description": "This is the entry point of a React web application, initializing and rendering the main App component within the DOM.", "external_files": ["./index.css", "./App"], "external_methods": ["ReactDOM.createRoot", "ReactDOM.createRoot().render"], "published": [], "classes": [], "methods": [{"name": "ReactDOM.createRoot", "description": "Creates a React root to manage rendering within the specified DOM element."}, {"name": "root.render", "description": "Renders React components into the DOM within the created root."}], "calls": ["ReactDOM.createRoot", "root.render"], "search-terms": ["index.js", "ReactDOM", "React.StrictMode", "App", "render"], "state": 2, "file_id": 8, "knowledge_revision": 24, "git_revision": "de7671204d2e2f16099f83aa414a8cb99b9fa55f", "ctags": [{"_type": "tag", "name": "root", "path": "/home/kavia/workspace/code-generation/simple-notes-manager-200812-200838/notes_frontend/src/index.js", "pattern": "/^const root = ReactDOM.createRoot(document.getElementById('root'));$/", "language": "JavaScript", "kind": "constant"}], "hash": "9fc5841375336fc175b49f8767a11383", "format-version": 4, "code-base-name": "notes_frontend", "filename": "notes_frontend/src/index.js", "revision_history": [{"24": "de7671204d2e2f16099f83aa414a8cb99b9fa55f"}]}